{
  "users": [
    {
      "id": 1,
      "name": "Karthik",
      "sex": "Male",
      "dob": "2023-05-13",
      "salary": "56701",
      "department": "Hr"
    },
    {
      "id": 2,
      "name": "Sruthi",
      "sex": "female",
      "dob": "2001-10-12",
      "salary": "64000",
      "department": "SaleS"
    },
    {
      "id": 3,
      "name": "Sumanth",
      "sex": "Male",
      "dob": "1991-09-10",
      "salary": "70000",
      "department": "Accounts"
    },
    {
      "id": 4,
      "name": "Harshini",
      "sex": "female",
      "dob": "2002-06-08",
      "salary": "45000",
      "department": "Hr"
    },
    {
      "id": 5,
      "name": "Gopi",
      "sex": "Male",
      "dob": "1998-06-09",
      "salary": "80000",
      "department": "Sales"
    },
    {
      "id": 6,
      "name": "Raji",
      "sex": "female",
      "dob": "1990-02-14",
      "salary": "90000",
      "department": "Accounts"
    },
    {
      "id": 7,
      "name": "subbu",
      "sex": "Male",
      "dob": "1998-07-09",
      "salary": "90000",
      "department": "Hr"
    },
    {
      "id": 8,
      "name": "Swaroop",
      "sex": "Male",
      "dob": "2000-04-17",
      "salary": "45000",
      "department": "Accounts"
    },
    {
      "id": 9,
      "name": "SumaRam",
      "sex": "Male",
      "dob": "1991-04-10",
      "salary": "60000",
      "department": "Accounts"
    },
    {
      "id": 10,
      "name": "yh",
      "sex": "female",
      "dob": "2023-05-05",
      "salary": "67896879",
      "department": "SaleS"
    },
    {
      "id": 11,
      "name": "Rohithha",
      "sex": "female",
      "dob": "1998-06-04",
      "salary": "44455",
      "department": "management"
    }
  ]
}